,0,1,2,3,4,5,6,7,8,9,10,11,12,13,14,15,16,17,18,19,y,label,tsne-2d-one,tsne-2d-two
0,-13.414597511291504,-18.038366317749023,-19.625160217285156,18.35972023010254,11.599664688110352,2.998715877532959,10.919365882873535,-17.31354331970215,14.515336990356445,11.669583320617676,-22.57969856262207,2.5911035537719727,-25.28272247314453,-3.985456705093384,6.883114337921143,-7.8187785148620605,-1.4719992876052856,-6.83909797668457,15.382307052612305,-3.338319778442383,0,Trieu et al. - 2017 - News Classification from Social Media Using Twitte.txt,9.208676,-11.6980915
1,-9.342971801757812,-17.23148536682129,-16.349151611328125,17.07053565979004,8.355379104614258,-3.752383232116699,13.2250394821167,-11.772012710571289,6.229720115661621,11.040406227111816,-12.797822952270508,-1.3005092144012451,-17.47003936767578,-5.203946113586426,4.065793037414551,-2.514798402786255,5.314164638519287,-10.981501579284668,16.2728214263916,-1.750588297843933,1,Liu et al. - 2017 - A review of the smart world.txt,9.343998,-12.600469
2,3.4015212059020996,-6.598877906799316,-6.757100582122803,11.09775161743164,8.322896957397461,-0.8061263561248779,7.75630521774292,-5.82948637008667,4.305872440338135,0.6576274633407593,-13.73827838897705,-1.8856109380722046,-11.741621017456055,2.1029672622680664,0.7739620804786682,-4.722536563873291,-1.790195107460022,-3.2507035732269287,7.755945682525635,-1.8324544429779053,2,Dodge - 2004 - An Atlas of Cyberspaces- 3D Information Spaces.txt,8.179732,-13.854516
3,-2.214719295501709,-8.049333572387695,-11.6415433883667,9.15307331085205,9.144323348999023,2.2423107624053955,9.106280326843262,-11.870828628540039,7.02264404296875,9.04809284210205,-13.983122825622559,-0.05608559772372246,-13.967367172241211,-4.1174821853637695,-0.959163248538971,1.8401694297790527,1.2325094938278198,-1.2249791622161865,9.622884750366211,-2.101062059402466,3,Klement et al. - 1998 - Towards Visual Support for Document Navigation Thr.txt,8.435254,-13.312654
4,-8.068683624267578,-14.684770584106445,-12.711014747619629,10.433643341064453,5.142788887023926,1.2014816999435425,5.02780818939209,-12.372385025024414,11.000323295593262,9.69080638885498,-12.034964561462402,4.012967109680176,-14.639427185058594,-4.023490905761719,2.335662364959717,-2.736417531967163,0.7242896556854248,-7.7323150634765625,7.790955543518066,-4.432577133178711,4,Karvelis et al. - 2018 - Topic recommendation using Doc2Vec.txt,8.868621,-13.313231
5,-7.541849613189697,-9.542015075683594,-11.717609405517578,16.176891326904297,5.354337692260742,4.398814678192139,11.072429656982422,-12.283069610595703,7.5547380447387695,3.2147886753082275,-20.027420043945312,2.359358310699463,-20.808246612548828,-0.43770933151245117,0.5092529654502869,-3.0784189701080322,1.7020747661590576,-5.965428352355957,12.21810531616211,-1.1343249082565308,5,Börner et al. - 2003 - Visualizing knowledge domains.txt,8.369935,-12.56009
6,-5.351655960083008,-12.096576690673828,-17.963069915771484,10.654682159423828,10.25634765625,2.8503856658935547,11.269133567810059,-11.917353630065918,8.973355293273926,7.738954544067383,-15.581466674804688,-1.1845611333847046,-14.728209495544434,-4.79649543762207,-0.663551926612854,-6.2935590744018555,1.554555058479309,-3.6234378814697266,13.629094123840332,-0.8561666011810303,6,Chao - 2001 - Doom As an Interface for Process Management.txt,8.606954,-12.832229
7,-4.960822105407715,-15.963747024536133,-19.54821014404297,14.06201171875,10.711953163146973,0.2966689467430115,13.408401489257812,-14.38893985748291,10.269492149353027,10.848647117614746,-13.646658897399902,-1.0394741296768188,-14.802056312561035,-2.863492488861084,4.258785247802734,-8.15385913848877,0.862464427947998,-9.753240585327148,15.586296081542969,-2.2510857582092285,7,Jemmali et al. - 2019 - Using Game Design Mechanics As Metaphors to Enhanc.txt,8.68038,-12.203191
8,-1.6093069314956665,-7.05651330947876,-12.826183319091797,12.126030921936035,5.385712623596191,3.1154966354370117,7.091699600219727,-10.236976623535156,5.432827949523926,2.3814351558685303,-13.703119277954102,0.5889423489570618,-14.195895195007324,0.37773334980010986,-1.4448212385177612,-4.239015102386475,-0.17719778418540955,-0.805171012878418,10.813517570495605,1.3031367063522339,8,Buter and Noyons - 2001 - Improving the functionality of interactive bibliom.txt,7.6478868,-13.404402
9,-7.563289642333984,-10.90432071685791,-13.838696479797363,14.934172630310059,6.650934219360352,4.81453275680542,8.413864135742188,-12.202245712280273,6.344029903411865,6.114158630371094,-22.453989028930664,0.3545670509338379,-21.383668899536133,0.2504028081893921,1.8549206256866455,-6.351601600646973,-0.6997912526130676,-4.732306003570557,11.698744773864746,-1.54710853099823,9,Boyack et al. - 2002 - Domain visualization using VxInsight® for science .txt,8.20842,-12.158315
10,-5.501323699951172,-10.435378074645996,-11.296060562133789,10.045760154724121,3.371680974960327,4.627688884735107,1.9072762727737427,-12.763313293457031,8.828204154968262,7.146039962768555,-9.252132415771484,5.840936183929443,-11.484230041503906,0.5324050784111023,4.806619644165039,-5.4572319984436035,-2.178766965866089,-6.147459506988525,4.510401248931885,-5.119721412658691,10,Banerjee et al. - 2007 - Clustering Short Texts Using Wikipedia.txt,7.4771605,-13.2098255
11,-8.982592582702637,-11.724654197692871,-13.14033317565918,14.251721382141113,4.730037689208984,4.846988201141357,8.099542617797852,-11.87299919128418,5.270452976226807,0.4449746608734131,-24.559661865234375,6.322555065155029,-23.878904342651367,-1.7918001413345337,-1.393123745918274,-10.14540958404541,-0.23333507776260376,-2.418778896331787,13.944713592529297,0.6151719093322754,11,White and McCain - 1998 - Visualizing a discipline An author co-citation an.txt,7.8913026,-18.255388
12,-11.698173522949219,-11.786861419677734,-11.959264755249023,10.037492752075195,8.059404373168945,4.271798133850098,7.0411696434021,-13.181685447692871,11.191570281982422,7.129937648773193,-19.791906356811523,3.773855447769165,-22.138460159301758,-3.2252004146575928,3.4218575954437256,-3.6118099689483643,0.8574321866035461,-3.379302740097046,8.375868797302246,-7.174219608306885,12,Zhang et al. - 2012 - Document Clustering in Correlation Similarity Meas.txt,7.8210855,-12.091658
13,-12.1771879196167,-19.675065994262695,-17.90038299560547,16.809814453125,7.4137468338012695,0.9230402708053589,9.199407577514648,-14.88725757598877,19.500879287719727,8.314736366271973,-23.482759475708008,6.599796295166016,-26.536155700683594,-1.9547466039657593,5.646995544433594,-8.79766845703125,-2.272509813308716,-6.371257305145264,13.504478454589844,-7.197393894195557,13,Xu et al. - 2017 - Self-Taught Convolutional Neural Networks for Shor.txt,8.372823,-11.342064
14,-13.313772201538086,-18.023225784301758,-17.397045135498047,16.366291046142578,10.86579704284668,1.1705257892608643,15.288833618164062,-13.535351753234863,14.200944900512695,10.687457084655762,-23.620525360107422,2.5845162868499756,-26.878528594970703,-4.025247097015381,6.975917816162109,-5.246943473815918,2.787705421447754,-8.070586204528809,16.56298828125,-5.7032341957092285,14,McInnes et al. - 2018 - UMAP Uniform Manifold Approximation and Projectio.txt,8.339281,-11.251648
15,-6.461623668670654,-10.079997062683105,-11.126984596252441,10.571734428405762,9.182796478271484,8.332226753234863,12.701447486877441,-8.24639892578125,4.65431022644043,7.631638526916504,-20.656755447387695,-2.556462526321411,-15.261978149414062,-2.7274770736694336,2.8974483013153076,-12.845255851745605,-2.7473366260528564,-11.291769981384277,13.75022029876709,-2.9976959228515625,15,Huang et al. - 2019 - Augmented Versus Virtual Reality in Education An .txt,7.3731866,-12.651143
16,-12.779513359069824,-17.81327247619629,-17.546112060546875,15.942585945129395,13.176421165466309,2.2004950046539307,13.816691398620605,-18.05255699157715,21.807987213134766,12.43427562713623,-25.552871704101562,6.839445114135742,-31.74041748046875,-5.778491973876953,0.11800983548164368,-7.616943359375,-3.41896915435791,-0.012037329375743866,16.159181594848633,-8.5533447265625,16,He-et-al----2004---Locality-preserving-indexing-for-document-represen.txt,8.292713,-10.507952
17,-10.442778587341309,-15.47600269317627,-17.696672439575195,18.54767608642578,11.335489273071289,4.571925640106201,12.701708793640137,-11.915952682495117,11.600842475891113,10.648765563964844,-25.296003341674805,-0.4178091287612915,-23.727922439575195,-5.807600975036621,4.0378642082214355,-10.90452766418457,-2.4229140281677246,-9.374670028686523,16.612768173217773,-5.493809223175049,17,Krokos et al. - 2018 - Virtual memory palaces immersion aids recall.txt,7.7913084,-11.02773
18,-5.326792240142822,-10.987427711486816,-12.777612686157227,13.945451736450195,10.074325561523438,0.43234845995903015,9.774101257324219,-9.388529777526855,7.979439735412598,8.363040924072266,-13.27873420715332,3.0445098876953125,-16.30717658996582,-3.3398871421813965,2.1209304332733154,-5.8011674880981445,0.205884650349617,-4.0827317237854,11.030515670776367,-4.389558792114258,18,Bertini et al. - 2005 - Visualization in Digital Libraries.txt,7.3211417,-12.2732315
19,-10.360631942749023,-14.916470527648926,-15.947835922241211,17.893329620361328,1.8920814990997314,0.06732222437858582,9.544754028320312,-14.165822982788086,12.417952537536621,1.6963196992874146,-25.460996627807617,0.13768234848976135,-27.11888313293457,2.6611409187316895,4.011003494262695,-10.158638000488281,-1.8719879388809204,-5.4259934425354,11.259598731994629,1.1218409538269043,19,Garfield et al. - 1964 - THE USE OF CITATION DATA IN WRITING THE HISTORY OF.txt,7.724172,-11.282352
20,-2.769129514694214,-9.274203300476074,-12.18589973449707,6.034596920013428,9.972678184509277,0.9237745404243469,12.537467002868652,-9.529635429382324,5.078865051269531,9.378035545349121,-16.615108489990234,-1.7973966598510742,-17.141746520996094,-3.0617470741271973,2.634594678878784,-0.19794821739196777,2.3599040508270264,-1.446348786354065,10.429058074951172,-2.8845252990722656,20,Song and Norman - 1993 - Cosmic Explorer A virtual reality environment for.txt,6.6777062,-12.611167
21,-7.467670917510986,-15.78995132446289,-16.571277618408203,15.855445861816406,7.058318138122559,1.1766273975372314,8.957505226135254,-14.862459182739258,10.200983047485352,7.69091796875,-19.161989212036133,0.5485379099845886,-22.097333908081055,0.6510592699050903,5.160060405731201,-4.504395961761475,-1.6906086206436157,-4.349562644958496,12.001948356628418,-2.6474850177764893,21,Holloway et al. - 2007 - Analyzing and visualizing the semantic coverage of.txt,7.1893353,-11.444079
22,-3.3112292289733887,-7.197084426879883,-10.68254566192627,7.511072158813477,8.609803199768066,2.3052549362182617,8.431660652160645,-10.75302505493164,3.9125869274139404,4.070418357849121,-13.062749862670898,-0.7972019910812378,-14.22478199005127,-4.376827716827393,-0.5695507526397705,1.8442234992980957,0.8971548080444336,0.39218848943710327,8.24904727935791,-3.46356463432312,22,Assa et al. - 1997 - Displaying data in multidimensional relevance spac.txt,6.3288665,-12.962334
23,-8.410608291625977,-9.861246109008789,-11.11341381072998,12.566884994506836,1.4584102630615234,3.135382652282715,8.189790725708008,-11.72313404083252,6.362048625946045,4.357481479644775,-18.773548126220703,1.729824185371399,-22.013368606567383,1.6945469379425049,3.0951390266418457,-2.5542104244232178,0.8947342038154602,-2.366246461868286,7.699294567108154,-2.632620096206665,23,Boyack et al. - 2005 - Mapping the backbone of science.txt,6.7683396,-12.044691
24,-9.03797721862793,-12.916943550109863,-11.436431884765625,8.896499633789062,6.503262042999268,-1.3832412958145142,9.448925018310547,-7.750154495239258,12.905112266540527,8.743549346923828,-16.508848190307617,1.062629222869873,-19.242578506469727,-0.23286552727222443,6.987931728363037,-3.876279592514038,1.0569669008255005,-6.545679569244385,9.848481178283691,-6.595989227294922,24,Hinton and Salakhutdinov - 2006 - Reducing the Dimensionality of Data with Neural Ne.txt,6.728891,-11.603149
25,-4.107665538787842,-7.991306304931641,-7.192549228668213,9.662337303161621,11.03649616241455,5.066417217254639,11.97765064239502,-7.3898820877075195,4.094114780426025,7.177689552307129,-17.23915672302246,-3.5306992530822754,-21.097219467163086,-2.2511558532714844,3.9045984745025635,-6.106779098510742,-1.8163385391235352,-3.0907557010650635,6.919075965881348,-5.4317450523376465,25,Nelson et al. - 1999 - XGobi vs the C2 Results of an experiment comparin.txt,6.212301,-12.338126
27,-5.467850685119629,-16.727725982666016,-13.546388626098633,2.4221036434173584,13.039586067199707,0.5798470973968506,12.559029579162598,-12.41779613494873,11.534971237182617,10.44161605834961,-15.148674964904785,2.350710868835449,-17.276737213134766,-13.401931762695312,1.3103563785552979,-2.944795846939087,2.4303832054138184,-3.9065113067626953,14.889429092407227,-3.410720109939575,27,Liu and Theodoropoulos - 2010 - A continuous matching algorithm for interest manag.txt,6.333682,-11.361778
28,-7.463883399963379,-12.140925407409668,-13.700416564941406,9.45721435546875,4.89127254486084,1.071889042854309,7.141467571258545,-11.015457153320312,9.406452178955078,5.418435573577881,-15.540205001831055,1.7751723527908325,-16.884626388549805,-2.3315937519073486,2.3496594429016113,-2.5266501903533936,-0.5198801159858704,-3.5219333171844482,6.935455322265625,-2.516472578048706,28,Szymański - 2011 - Self–Organizing Map Representation for Clustering .txt,6.045972,-11.663936
30,-4.595879554748535,-9.93881607055664,-9.8944730758667,9.908797264099121,11.21680736541748,-0.5901588201522827,13.695988655090332,-7.712579250335693,7.745655059814453,13.322044372558594,-18.849897384643555,-3.1080434322357178,-20.461488723754883,-2.10054087638855,6.07010555267334,-3.0196821689605713,0.42123374342918396,-7.68745756149292,10.38245964050293,-8.749405860900879,30,Shin and Lee - 2006 - Motion synthesis and editing in low-dimensional sp.txt,5.887688,-11.91948
31,-8.335895538330078,-18.366636276245117,-14.307461738586426,13.918421745300293,7.570322036743164,6.733102321624756,6.66316556930542,-15.313773155212402,12.172798156738281,7.392276763916016,-19.980224609375,7.052608966827393,-19.363935470581055,-1.1419687271118164,3.8731045722961426,-6.136037349700928,-2.5360779762268066,-6.7697224617004395,11.163474082946777,-4.954806327819824,31,Kumar et al. - 2010 - Exploiting N-gram Importance And Additional Knowle.txt,6.318804,-10.686481
32,-9.725098609924316,-19.217288970947266,-20.9014892578125,17.779029846191406,11.235153198242188,5.903887748718262,16.011276245117188,-17.370515823364258,12.327392578125,11.10854434967041,-25.730392456054688,4.167477607727051,-30.55926513671875,-5.98288631439209,3.179521083831787,-8.781983375549316,-0.5993762016296387,-3.6807572841644287,19.555889129638672,-6.8571648597717285,32,Steinbach et al. - 2000 - A Comparison of Document Clustering Techniques.txt,6.433556,-9.820357
33,-6.2765421867370605,-10.980691909790039,-13.860963821411133,12.298229217529297,9.618661880493164,2.2753443717956543,17.1948184967041,-11.580435752868652,5.55894660949707,4.5204315185546875,-18.168107986450195,0.5659072399139404,-18.709415435791016,-1.5480908155441284,3.0584683418273926,-1.728407859802246,2.9550697803497314,-3.7582716941833496,10.822909355163574,-1.9378931522369385,33,Herman et al. - 2000 - Graph visualization and navigation in information .txt,5.6222987,-11.31128
34,-10.546804428100586,-15.571993827819824,-16.39268684387207,13.748480796813965,9.5343656539917,1.8291043043136597,8.066149711608887,-11.487616539001465,14.545920372009277,8.773674964904785,-15.225300788879395,6.0977935791015625,-19.108869552612305,-3.4690089225769043,4.184110641479492,-10.390244483947754,-1.9324380159378052,-8.326008796691895,10.818991661071777,-4.141989231109619,34,Le and Mikolov - 2014 - Distributed Representations of Sentences and Docum.txt,5.8863826,-10.668038
35,-23.15315818786621,-48.65219497680664,-61.28916549682617,28.98785972595215,46.093170166015625,10.30663013458252,11.274600982666016,-36.482669830322266,14.254819869995117,23.366104125976562,-62.638240814208984,19.542224884033203,-86.478271484375,-11.528264045715332,10.48609733581543,-4.721696853637695,-8.99600601196289,-20.94646453857422,26.682910919189453,11.365736961364746,35,Abualigah et al. - 2017 - Text feature selection with a robust weight scheme.txt,4.015304,-5.3748035
36,-1.170272707939148,-7.626842021942139,-9.654327392578125,10.490341186523438,9.175413131713867,1.588079571723938,10.774036407470703,-8.981205940246582,5.47831392288208,7.098956108093262,-10.974769592285156,1.0939732789993286,-11.461167335510254,-0.04515249282121658,3.1896591186523438,-2.3598620891571045,1.1177228689193726,-4.686561584472656,8.329621315002441,-1.6139253377914429,36,Massari and Saladini - 1996 - Virgilio a VR-based system for database visualiza.txt,5.128107,-11.85594
37,-6.53552770614624,-8.030717849731445,-9.729235649108887,11.302324295043945,5.665747165679932,1.8334181308746338,9.362872123718262,-10.87145709991455,5.52058219909668,6.182842254638672,-13.713741302490234,3.1840338706970215,-18.296762466430664,1.8048464059829712,2.5242364406585693,-2.2685205936431885,-1.5696723461151123,-4.010455131530762,6.6269755363464355,-2.0271613597869873,37,Herr et al. - 2009 - The NIH Visual Browser An Interactive Visualizati.txt,5.257874,-11.475167
38,-4.6236772537231445,-18.865219116210938,-19.559511184692383,10.135273933410645,16.230751037597656,5.295857906341553,10.576635360717773,-16.144088745117188,4.6072893142700195,11.19676399230957,-21.31185531616211,6.002760887145996,-26.00385284423828,-3.4913859367370605,5.235311508178711,2.0830352306365967,-0.6193130612373352,-8.617361068725586,9.388615608215332,2.378162384033203,38,Kochevar and Wanger - 1995 - The Tecate data space exploration utility.txt,5.275482,-10.420011
39,-36.081138610839844,-49.154258728027344,-45.83726501464844,31.767410278320312,41.36516189575195,10.917413711547852,19.390457153320312,-23.954143524169922,18.68800163269043,23.705556869506836,-65.85863494873047,7.952778339385986,-80.24944305419922,-5.4085516929626465,11.770565032958984,-17.147811889648438,-7.3174662590026855,-22.688817977905273,39.075904846191406,1.7480411529541016,39,Aghajan et al. - 2015 - Impaired spatial selectivity and intact phase prec.txt,3.881908,-5.061357
40,-2.8225183486938477,-8.713971138000488,-11.824137687683105,3.8541200160980225,11.195274353027344,5.981917858123779,7.808103084564209,-11.032322883605957,3.479750633239746,5.788611888885498,-15.412137031555176,1.6938414573669434,-15.373849868774414,-5.808172225952148,-1.7030322551727295,-3.8310136795043945,0.3768002986907959,-4.4461989402771,10.10521411895752,1.478860855102539,40,Modjeska and Waterworth - 2000 - Effects of desktop 3D world design on user navigat.txt,4.8079596,-11.252393
42,-34.50651550292969,-39.45355987548828,-48.665645599365234,31.891721725463867,34.82103729248047,15.508543014526367,24.537927627563477,-30.78326416015625,18.79195785522461,24.556013107299805,-59.387454986572266,11.214410781860352,-69.38835906982422,-9.164992332458496,2.300525188446045,-15.47704029083252,-5.132483959197998,-9.421513557434082,31.583311080932617,0.5453739166259766,42,Olsen et al. - 1991 - Ideation through visualization The VIBE System.txt,3.5212903,-5.0246277
43,-12.386067390441895,-18.053794860839844,-24.56438446044922,9.674854278564453,17.73434066772461,0.33169224858283997,15.779252052307129,-6.538340091705322,10.10438346862793,13.493135452270508,-26.63272476196289,-2.8708250522613525,-31.821043014526367,-6.759219169616699,1.8873591423034668,-6.243819713592529,-1.36527419090271,2.0734760761260986,20.15802764892578,-5.14727783203125,43,Ohtani et al. - 2011 - Scientific Visualization of Plasma Simulation Resu.txt,0.649616,-4.8635316
44,-30.30390739440918,-33.88138961791992,-42.07694625854492,35.4900016784668,28.87809181213379,14.008882522583008,24.967161178588867,-29.572038650512695,20.92896842956543,21.805130004882812,-46.15537643432617,9.459798812866211,-61.09946823120117,-8.045021057128906,1.1400866508483887,-12.089821815490723,-2.0924761295318604,-4.0301194190979,30.392879486083984,-10.468585014343262,44,Carey et al. - 2003 - Info Navigator A visualization tool for document .txt,3.1504576,-4.7239814
45,-27.59084701538086,-32.07516098022461,-40.135318756103516,33.77967834472656,26.034391403198242,13.885665893554688,25.86459732055664,-28.3782958984375,21.448379516601562,25.621864318847656,-46.83696365356445,6.831420421600342,-54.30582809448242,-6.319277286529541,6.429583549499512,-18.778650283813477,-2.0146706104278564,-10.0435152053833,32.34974670410156,-3.3002476692199707,45,Jagodziński and Wolski - 2015 - Assessment of Application Technology of Natural Us.txt,3.1330702,-4.5452313
46,-26.483964920043945,-31.181074142456055,-29.242429733276367,24.698904037475586,23.55599594116211,2.3815231323242188,21.179040908813477,-13.327469825744629,14.559820175170898,17.15825843811035,-48.664588928222656,4.2632927894592285,-49.77855682373047,-3.1401538848876953,8.129833221435547,-22.701984405517578,-4.643898010253906,-11.398420333862305,28.396896362304688,-8.987868309020996,46,Aghajan et al. - 2015 - Impaired spatial selectivity and intact phase prec.txt,2.5172446,-4.383225
47,-20.829435348510742,-22.314064025878906,-28.821027755737305,25.726118087768555,23.915761947631836,11.03255844116211,23.050884246826172,-18.732254028320312,14.940702438354492,14.857522010803223,-40.88554763793945,5.269039154052734,-45.110740661621094,-5.242431640625,0.12477019429206848,-22.54572868347168,-4.852503776550293,-1.933290719985962,23.60871124267578,-8.638715744018555,47,Westerman and Cribbin - 2000 - Mapping semantic information in virtual space dim.txt,2.1659546,-4.206915
48,-19.753692626953125,-20.408308029174805,-27.82463836669922,23.879119873046875,18.925405502319336,6.43510103225708,23.13959312438965,-14.231245994567871,11.948943138122559,16.812326431274414,-32.6651725769043,1.8035801649093628,-38.720680236816406,-6.415626525878906,5.750094890594482,-18.534748077392578,-3.5665457248687744,-7.337836265563965,23.42974853515625,-7.296257495880127,48,Merabet et al. - 2012 - Teaching the Blind to Find Their Way by Playing Vi.txt,1.6688615,-4.138959
49,-19.12364387512207,-19.79014778137207,-24.771495819091797,24.922452926635742,13.232342720031738,9.223600387573242,19.58732795715332,-17.599611282348633,12.563148498535156,11.201347351074219,-32.47865676879883,2.6769797801971436,-41.105682373046875,-1.5450735092163086,4.364114761352539,-11.7799072265625,-2.445469379425049,0.0452352873980999,18.43290138244629,-4.39870023727417,49,Small - 1994 - A SCI-Map case study Building a map of AIDS resea.txt,1.2967193,-3.9185998
50,-17.114986419677734,-21.495607376098633,-25.79465103149414,14.546279907226562,10.323893547058105,-0.854387104511261,15.212206840515137,-12.948049545288086,17.09913444519043,11.88532829284668,-25.204734802246094,-0.16192542016506195,-32.25132369995117,-5.401151180267334,1.3548576831817627,-5.0190558433532715,1.2434924840927124,-1.2926405668258667,19.627399444580078,-6.352456092834473,50,Dhanapala and Jayasumana - 2010 - Dimension reduction of virtual coordinate systems .txt,0.4221923,-4.128923
51,-22.91581916809082,-31.569990158081055,-33.41292953491211,20.801603317260742,15.027426719665527,6.4872894287109375,18.26286506652832,-19.13235092163086,16.248218536376953,15.703460693359375,-38.22963333129883,1.507082223892212,-39.904518127441406,-6.702103137969971,3.876098155975342,-15.669025421142578,-0.8263219594955444,-6.722717761993408,29.83292007446289,-2.9905853271484375,51,Calogiuri et al. - 2018 - Experiencing Nature through Immersive Virtual Envi.txt,2.0107903,-3.8308547
52,-10.364648818969727,-14.986513137817383,-21.10979652404785,15.618926048278809,15.13708209991455,5.070751190185547,15.356771469116211,-11.744458198547363,10.52881145477295,12.31856632232666,-24.235353469848633,2.0540685653686523,-27.975439071655273,-3.8293793201446533,0.15919695794582367,-7.4065070152282715,-1.5513867139816284,-1.7378859519958496,18.369590759277344,-5.664623260498047,52,Soldati et al. - 2007 - SphereViz - Data Exploration in a Virtual Reality .txt,0.07400491,-3.794953
53,-14.207672119140625,-15.942553520202637,-19.259599685668945,18.964372634887695,11.367085456848145,4.571458339691162,14.52506160736084,-15.342952728271484,9.86888599395752,10.645829200744629,-23.218473434448242,2.140521287918091,-28.484689712524414,-3.3054869174957275,-0.14985431730747223,-8.91423225402832,-1.9435153007507324,-2.3279120922088623,18.298330307006836,-5.343393802642822,53,Wise et al. - 1995 - Visualizing the non-visual spatial analysis and i.txt,-0.10775462,-3.4565346
54,-18.847124099731445,-21.27250099182129,-22.53615951538086,18.764144897460938,15.289966583251953,4.451269149780273,14.471894264221191,-19.47403335571289,19.187650680541992,15.169177055358887,-31.398950576782227,6.220658779144287,-36.86164855957031,-9.539752960205078,-1.333722710609436,-10.529484748840332,-3.412839651107788,0.8568811416625977,17.973957061767578,-8.219809532165527,54,Cai and He - 2005 - Orthogonal locality preserving indexing.txt,1.0323261,-3.5381174
55,-16.94376564025879,-19.68363380432129,-22.236406326293945,19.02750015258789,14.51966381072998,4.247336387634277,14.237456321716309,-16.490659713745117,12.673084259033203,10.097613334655762,-28.01823616027832,1.6700502634048462,-29.336111068725586,-5.423221111297607,2.01249098777771,-14.375765800476074,-1.209936499595642,-6.022046089172363,22.346155166625977,0.3635188639163971,55,Kaplan and Kaplan - 1989 - The Experience of Nature A Psychological Perspect.txt,0.3878284,-3.1774178
56,-14.678644180297852,-16.179367065429688,-23.659788131713867,19.3391056060791,16.896764755249023,12.13968563079834,21.07432746887207,-19.176034927368164,9.433391571044922,13.32275104522705,-31.296907424926758,1.7674988508224487,-31.980670928955078,-5.807497501373291,1.211731195449829,-15.94173812866211,-1.76283860206604,-8.068479537963867,22.476253509521484,-6.404742240905762,56,"Merchant et al. - 2012 - The learner characteristics, features of desktop 3.txt",0.918087,-3.0492277
57,-21.779144287109375,-25.514883041381836,-24.978443145751953,26.372560501098633,13.280987739562988,10.462830543518066,18.70551109313965,-21.62110710144043,15.589407920837402,17.273277282714844,-30.130294799804688,7.634707927703857,-37.33064270019531,-4.312110424041748,10.106547355651855,-9.690125465393066,0.3604109287261963,-10.522014617919922,22.073537826538086,-7.676950454711914,57,Brockmeier et al. - 2018 - Self-Tuned Descriptive Document Clustering Using a.txt,1.5677719,-3.254691
58,-10.684099197387695,-13.247550964355469,-18.159927368164062,14.409648895263672,11.456034660339355,11.511862754821777,14.6608247756958,-11.314641952514648,7.232823848724365,12.682585716247559,-22.30149269104004,0.7551697492599487,-23.20625877380371,-6.820009708404541,3.124675750732422,-16.064071655273438,-2.9924960136413574,-9.163256645202637,16.46652603149414,-6.141546726226807,58,Huang et al. - 2019 - Augmented Versus Virtual Reality in Education An .txt,-0.58827764,-2.8821383
59,-17.27151870727539,-17.285266876220703,-23.82205581665039,23.034696578979492,9.119155883789062,7.806973934173584,15.786930084228516,-16.006776809692383,9.156556129455566,8.78510856628418,-31.292593002319336,4.6704912185668945,-36.515037536621094,-2.694575548171997,2.706624984741211,-13.321598052978516,-0.3763415217399597,-2.997351884841919,20.5601863861084,-3.6993987560272217,59,Leydesdorff - 1987 - Various methods for the mapping of science.txt,0.5682597,-2.9288754
60,-12.65336799621582,-20.014301300048828,-24.751373291015625,18.365381240844727,9.355854034423828,6.4174323081970215,10.95674991607666,-14.2490873336792,10.125499725341797,12.043717384338379,-23.59300422668457,2.9494454860687256,-22.45040512084961,-5.294250011444092,2.389552354812622,-12.838529586791992,-4.099465847015381,-7.560392379760742,20.493080139160156,-1.278408169746399,60,Luckin - 2008 - The learner centric ecology of resources A framew.txt,-0.24832559,-2.4785972
61,-9.154234886169434,-18.603853225708008,-23.040632247924805,7.057520866394043,13.160337448120117,-0.6170228123664856,15.199847221374512,-14.274275779724121,11.712994575500488,14.797164916992188,-18.23565101623535,0.37261298298835754,-22.360036849975586,-13.770964622497559,1.3975820541381836,-4.963074207305908,4.103882312774658,-4.920352458953857,21.02997398376465,-3.243765354156494,61,Liu and Theodoropoulos - 2009 - An approach for parallel interest matching in dist.txt,-0.03573172,-1.7807553
62,-14.700377464294434,-18.716341018676758,-22.19274139404297,13.677202224731445,7.034790992736816,7.685868740081787,14.836747169494629,-16.103553771972656,2.668149709701538,11.606879234313965,-24.944087982177734,7.165743350982666,-28.781902313232422,-8.162280082702637,4.766695022583008,0.4778290390968323,2.120959997177124,-0.9448689222335815,17.96959686279297,-4.701909065246582,62,Ng and Han - 1994 - Efficient and Effective Clustering Methods for Spa.txt,-1.0637647,-2.6757858
63,-18.163002014160156,-20.443830490112305,-23.24393081665039,17.344621658325195,14.390796661376953,6.279450416564941,13.958467483520508,-17.924341201782227,21.180692672729492,13.529333114624023,-28.385784149169922,8.226778984069824,-34.30710983276367,-7.994528293609619,0.1312761902809143,-9.524590492248535,-3.5675907135009766,0.2856590747833252,19.27909278869629,-7.458924293518066,63,He et al. - 2004 - Locality preserving indexing for document represen.txt,0.67776364,-2.3253248
64,-8.025090217590332,-14.08163070678711,-19.21837043762207,14.440237998962402,11.590439796447754,4.831989288330078,15.980901718139648,-13.16547966003418,11.058823585510254,7.66258430480957,-22.7408390045166,1.8233548402786255,-25.81292152404785,-7.748908996582031,-2.9753236770629883,-10.277853965759277,-1.3850905895233154,-4.4703521728515625,17.95840072631836,-4.382428169250488,64,Chignell and Modjeska - 2000 - Hierarchical data visualization in desktop virtual.txt,-0.58902866,-1.7780323
65,-11.746448516845703,-18.270557403564453,-21.016088485717773,16.04944610595703,7.422536849975586,5.406501293182373,15.376497268676758,-13.521676063537598,9.589973449707031,10.986847877502441,-25.451025009155273,2.9025161266326904,-27.616342544555664,-4.81796407699585,-0.4259820878505707,-11.240256309509277,-0.8197787404060364,-7.166419506072998,21.333574295043945,-5.272032260894775,65,"Cipresso et al. - 2018 - The Past, Present, and Future of Virtual and Augme.txt",-0.79381645,-2.1645648
66,-9.7483549118042,-15.96230697631836,-18.63477897644043,17.56937026977539,9.670997619628906,4.906960964202881,11.806135177612305,-15.223382949829102,14.155728340148926,7.554721832275391,-20.527982711791992,7.067556381225586,-24.336729049682617,-5.78708028793335,-0.12105711549520493,-8.442671775817871,-4.3653483390808105,-0.33836522698402405,14.685494422912598,-3.8436038494110107,66,Davies et al. - 1997 - Information agents for the World Wide Web.txt,-1.117936,-1.5745957
67,-11.330951690673828,-15.158585548400879,-20.2987003326416,13.45754337310791,7.661444664001465,3.086312770843506,11.822531700134277,-15.41529655456543,12.826351165771484,8.584575653076172,-22.431133270263672,3.096196413040161,-26.977741241455078,-2.583688259124756,1.4546122550964355,-5.796902179718018,-1.2927147150039673,-3.632490873336792,14.657515525817871,-4.1585893630981445,67,Kohonen et al. - 2000 - Self organization of a massive document collection.txt,-1.2231638,-1.5514079
68,-7.799552917480469,-13.291604042053223,-20.9052791595459,18.523967742919922,13.692423820495605,10.402029991149902,13.14234447479248,-15.190251350402832,10.670758247375488,7.990816116333008,-20.383420944213867,3.463677406311035,-24.494077682495117,-3.9884400367736816,0.06469686329364777,-11.325468063354492,-3.7137975692749023,-3.1131622791290283,15.838846206665039,-2.195993423461914,68,Shneiderman et al. - 1997 - Clarifying Search A User-Interface Framework for .txt,-0.8254922,-1.0824903
69,-4.825745582580566,-13.800436019897461,-19.541902542114258,10.308664321899414,13.31701374053955,6.498049736022949,12.018779754638672,-14.179648399353027,11.844282150268555,11.13817310333252,-19.905437469482422,-3.5393409729003906,-20.108200073242188,-8.758881568908691,0.5775526762008667,-6.685268878936768,-3.6511361598968506,-2.3868885040283203,15.959277153015137,-7.785620212554932,69,Park et al. - 2000 - Lessons learned from employing multiple perspectiv.txt,-1.0600328,-0.621578
70,-12.78012466430664,-18.53236961364746,-22.871191024780273,16.83449935913086,10.230623245239258,-1.8162883520126343,14.098466873168945,-15.394011497497559,9.698775291442871,14.569883346557617,-16.00635528564453,0.832291841506958,-24.38994789123535,-6.409683704376221,3.2698938846588135,-5.002737998962402,5.677395820617676,-8.971884727478027,19.998701095581055,-2.909454107284546,70,Liu et al. - 2017 - A review of the smart world.txt,-1.944163,-1.3850263
71,-5.879911422729492,-8.158801078796387,-14.792283058166504,12.420304298400879,9.02298641204834,5.4128241539001465,10.08506965637207,-13.534088134765625,8.92443561553955,7.109344005584717,-16.198287963867188,-0.787599503993988,-17.32232666015625,-2.0634310245513916,-0.40288928151130676,-6.4660868644714355,-2.8482718467712402,-1.4666575193405151,10.581208229064941,-3.620162010192871,71,Costagliola and Fuccella - 2011 - CyBiS A Novel Interface for Searching Scientific .txt,-1.1937268,0.07980018
72,-10.725611686706543,-18.61981201171875,-18.761037826538086,18.45766830444336,9.654741287231445,1.7775206565856934,13.038413047790527,-10.943817138671875,7.841093063354492,7.880025863647461,-20.557254791259766,1.171376347541809,-22.77658462524414,-7.30537748336792,0.8783183693885803,-12.84498119354248,2.123203992843628,-10.404683113098145,18.58323860168457,1.9877790212631226,72,Kaplan - 1995 - The restorative benefits of nature Toward an inte.txt,-1.8867569,-0.95893
73,-12.512008666992188,-16.09000587463379,-22.060522079467773,20.945940017700195,14.992103576660156,6.549018383026123,16.796958923339844,-15.96469783782959,12.399662971496582,6.81624698638916,-29.095436096191406,2.3814070224761963,-31.005596160888672,-3.878288507461548,-0.659514844417572,-14.151376724243164,-2.5895493030548096,-0.9239230751991272,22.39344596862793,-3.4435062408447266,73,Chen - 1999 - Visualising semantic spaces and author co-citation.txt,-0.33487967,-0.8698424
74,-10.42281723022461,-15.923544883728027,-18.554269790649414,11.413810729980469,3.1241273880004883,6.438659191131592,14.473678588867188,-13.947339057922363,-0.10345584154129028,8.33539867401123,-20.840229034423828,5.302042484283447,-22.99030113220215,-7.4717020988464355,3.2863287925720215,2.0107128620147705,1.602475643157959,-0.09262190759181976,16.270734786987305,-3.670417070388794,74,Efficient and Effective Clustering Methods for Spa.txt,-2.138758,-0.3414502
75,-10.322159767150879,-13.36176872253418,-16.353736877441406,16.234737396240234,7.503337383270264,2.480219841003418,8.92993450164795,-13.739506721496582,10.648797988891602,7.979295253753662,-16.517549514770508,5.400585651397705,-22.445934295654297,-3.409200668334961,1.6740498542785645,-6.502193450927734,-0.8870612978935242,-1.9058136940002441,11.1720609664917,-4.419622421264648,75,Rehurek and Sojka - 2010 - Software Framework for Topic Modelling with Large .txt,-1.8381169,0.08085021
76,-8.627934455871582,-15.181671142578125,-19.468095779418945,13.735291481018066,11.203121185302734,8.689268112182617,13.269501686096191,-14.37918758392334,8.072639465332031,8.255718231201172,-20.287817001342773,4.289781093597412,-22.694087982177734,-7.416742324829102,1.5046638250350952,-5.53877592086792,-0.26318928599357605,-4.84664249420166,14.759623527526855,-3.5319664478302,76,Sugimoto et al. - 1998 - A system for constructing private digital librarie.txt,-2.0587633,-0.012210529
77,-6.453171253204346,-16.6522274017334,-18.855998992919922,10.72033977508545,4.954976558685303,1.987998127937317,7.6209211349487305,-14.835174560546875,6.36387825012207,9.129477500915527,-10.99512004852295,-0.6495460867881775,-12.411030769348145,-5.9104509353637695,2.9532268047332764,-11.098981857299805,0.31161290407180786,-11.615649223327637,13.080184936523438,0.1730947345495224,77,Barker - 2013 - Digital Badges in Informal Learning Environments.txt,-1.4970129,0.9329108
78,-13.01628589630127,-16.26123809814453,-20.893198013305664,20.339170455932617,8.42246150970459,7.984865665435791,17.313798904418945,-19.291006088256836,11.415687561035156,9.879874229431152,-22.44570541381836,6.857223987579346,-28.69101905822754,-4.349182605743408,5.2930145263671875,-8.329056739807129,1.9786412715911865,-8.396037101745605,16.633329391479492,-4.8949689865112305,78,Bharti and Singh - 2015 - Hybrid dimension reduction by integrating feature .txt,-2.7473066,-0.43853498
79,-7.009201526641846,-11.525813102722168,-15.795071601867676,8.099420547485352,8.338788032531738,3.735809803009033,12.405425071716309,-9.42332649230957,3.5231075286865234,9.338848114013672,-16.425289154052734,-1.3386685848236084,-18.9949951171875,-4.100900173187256,2.625584125518799,-2.135969400405884,0.45969557762145996,-3.0612258911132812,14.121593475341797,-4.138423442840576,79,Capece et al. - 2018 - GraphVR A Virtual Reality Tool for the Exploratio.txt,-2.1073484,1.1254195
80,-9.798101425170898,-9.028849601745605,-10.92331314086914,14.251761436462402,8.083122253417969,4.808744430541992,14.100781440734863,-11.189697265625,4.509274482727051,4.351431846618652,-23.948060989379883,3.121217966079712,-26.032133102416992,-0.9150435924530029,0.25270381569862366,-7.723516464233398,0.41616079211235046,-1.9183452129364014,13.268782615661621,-3.3195316791534424,80,Small - 1997 - Update on science mapping Creating large document.txt,-2.3901653,0.8483557
81,-11.878252983093262,-14.753030776977539,-16.147764205932617,9.19607925415039,15.498916625976562,1.4496768712997437,20.214746475219727,-12.144768714904785,7.835738658905029,12.417920112609863,-21.20702362060547,1.3292421102523804,-23.043895721435547,-9.45185375213623,2.9008243083953857,-3.784651041030884,3.4819748401641846,-4.285613059997559,18.014366149902344,-6.033174514770508,81,Cohen et al. - 1995 - I-collide An interactive and exact collision dete.txt,-3.0512197,0.50938994
82,-9.934331893920898,-12.654995918273926,-18.997745513916016,13.992598533630371,9.050743103027344,3.939134359359741,14.803777694702148,-13.752849578857422,5.381063461303711,9.586026191711426,-19.05126190185547,3.244767904281616,-22.285398483276367,-4.9455718994140625,4.457311153411865,-4.364361763000488,2.376955032348633,-5.021721839904785,14.563450813293457,-4.015066623687744,82,Godfrey et al. - 2016 - Interactive Visualization of Large Data Sets.txt,-2.8087716,0.8345051
83,-16.863271713256836,-22.301546096801758,-21.428970336914062,23.249847412109375,16.511533737182617,3.8561508655548096,10.56448745727539,-13.99553394317627,21.681175231933594,10.864036560058594,-26.13890838623047,8.377193450927734,-33.019657135009766,-3.7120213508605957,2.057290554046631,-19.390182495117188,-4.692970275878906,-7.599707126617432,19.818204879760742,-6.824705600738525,83,Lau and Baldwin - 2016 - An Empirical Evaluation of doc2vec with Practical .txt,-4.483819,0.43013385
84,-9.98908519744873,-16.461524963378906,-16.495216369628906,13.265057563781738,9.004400253295898,-3.725287675857544,10.504589080810547,-8.424615859985352,11.503040313720703,13.420003890991211,-15.032559394836426,0.44530540704727173,-19.000905990600586,-3.609790325164795,8.118452072143555,-5.15260124206543,0.9093029499053955,-9.405074119567871,13.462182998657227,-4.242933750152588,84,Taylor and Nitschke - 2017 - Improving Deep Learning using Generic Data Augment.txt,-3.244427,1.3803334
85,-7.213691234588623,-8.894420623779297,-12.318885803222656,10.24084186553955,10.122818946838379,6.159905910491943,7.851822853088379,-13.653176307678223,7.074275016784668,4.810928821563721,-18.268712997436523,0.037426937371492386,-18.252885818481445,-1.4620264768600464,0.8182245492935181,-5.7712249755859375,-1.1752722263336182,-2.5889534950256348,10.467823028564453,-2.7216928005218506,85,Dubin - 1995 - Document analysis for visualization.txt,-2.4712415,2.081571
86,-7.4268341064453125,-15.861441612243652,-13.990373611450195,11.50416374206543,4.656842231750488,-1.1686835289001465,9.690427780151367,-5.89036750793457,6.183724403381348,6.362946033477783,-19.84271240234375,-3.6536312103271484,-20.52288055419922,-1.6486190557479858,3.918668508529663,-8.910273551940918,-1.619979977607727,-8.00068473815918,13.715530395507812,-2.9808218479156494,86,Stern - 2014 - Virtual reality changes neuronal firing.txt,-2.9002273,2.108802
87,-8.117761611938477,-15.809957504272461,-15.425003051757812,7.881567478179932,11.724630355834961,0.6122945547103882,10.667425155639648,-10.823899269104004,9.387764930725098,10.699941635131836,-19.496427536010742,-4.884944915771484,-19.914987564086914,-7.933872699737549,3.424980401992798,-8.490345001220703,0.9057068228721619,-6.928128242492676,16.720237731933594,-1.781389832496643,87,A Method of Supporting Personal Activities in Virt.txt,-3.2865763,1.8740333
88,-14.05024528503418,-21.490093231201172,-19.73568344116211,16.141231536865234,9.436197280883789,-0.1558227390050888,9.999794006347656,-14.225601196289062,16.291481018066406,11.595359802246094,-22.04661750793457,6.241859436035156,-26.519184112548828,-4.384660720825195,4.586284637451172,-9.322772979736328,-1.5598734617233276,-6.592500686645508,17.790433883666992,-5.922729969024658,88,Mikolov et al. - 2013 - Efficient Estimation of Word Representations in Ve.txt,-4.339604,1.5219488
89,-6.212571144104004,-8.90135669708252,-13.271800994873047,9.433831214904785,7.33383846282959,3.144625186920166,9.229469299316406,-5.218724250793457,2.8312604427337646,9.029939651489258,-17.495683670043945,-1.1775892972946167,-16.86545753479004,-0.41968241333961487,4.550174713134766,-2.2031445503234863,0.1802225410938263,-1.7719275951385498,11.583527565002441,-5.801914691925049,89,Rogowski et al. - 2013 - Poster Observing change in crowded data sets in 3.txt,-2.9741554,2.7724886
90,-10.119768142700195,-11.204455375671387,-15.08309268951416,12.754647254943848,8.906850814819336,2.9165594577789307,10.171719551086426,-12.530632972717285,14.12240219116211,8.177011489868164,-21.47909927368164,3.4463677406311035,-22.764404296875,-0.013749739155173302,0.11314153671264648,-7.6175031661987305,-2.0755748748779297,-2.4378297328948975,11.576985359191895,-6.650549411773682,90,Newman et al. - 2010 - Visualizing search results and document collection.txt,-3.8316777,2.5573363
91,-13.5272216796875,-23.273653030395508,-20.623661041259766,18.414121627807617,7.65791654586792,5.216094970703125,10.495975494384766,-15.69183349609375,16.50851058959961,10.703817367553711,-26.276805877685547,4.55298376083374,-30.35223388671875,-2.5712456703186035,4.979955673217773,-10.565926551818848,-2.5057103633880615,-8.124709129333496,19.43865203857422,-7.754766464233398,91,Kim et al. - 2019 - Multi-co-training for document classification usin.txt,-4.7960896,1.4886655
92,-14.630891799926758,-20.958932876586914,-21.414012908935547,17.22161293029785,7.15138578414917,3.1379284858703613,10.541497230529785,-14.089082717895508,19.822961807250977,12.09730339050293,-23.230838775634766,9.477248191833496,-26.62734603881836,-6.026808738708496,5.578782081604004,-9.570918083190918,-2.3535308837890625,-5.667968273162842,14.748760223388672,-7.156390190124512,92,Xu et al. - 2017 - Self-Taught Convolutional Neural Networks for Shor.txt,-4.7381954,1.8053206
93,-13.276561737060547,-16.26241683959961,-15.19003963470459,11.139986991882324,11.278014183044434,2.9980146884918213,9.589995384216309,-15.029613494873047,18.791170120239258,7.9745941162109375,-22.103715896606445,4.557430744171143,-25.350873947143555,-4.291091442108154,1.153424859046936,-7.997886657714844,-3.1504900455474854,0.14667020738124847,11.328702926635742,-7.421034812927246,93,Cai and He - 2005 - Orthogonal locality preserving indexing.txt,-4.4587417,2.507926
94,-13.835061073303223,-20.233177185058594,-22.85816764831543,14.649575233459473,12.51423168182373,1.7995795011520386,19.05577278137207,-13.826920509338379,9.503024101257324,15.532428741455078,-24.012792587280273,2.052955150604248,-27.581634521484375,-4.089842319488525,6.828390598297119,-6.601981163024902,1.4468835592269897,-6.4202070236206055,20.293848037719727,-3.8033668994903564,94,Torborg and Kajiya - 1996 - Talisman Commodity Realtime 3D Graphics for the P.txt,-5.2680326,2.2454798
95,-9.637367248535156,-15.005447387695312,-17.14188575744629,10.93530559539795,5.6011552810668945,4.533506870269775,5.029986381530762,-11.709214210510254,11.288895606994629,10.809767723083496,-13.46667766571045,5.47566032409668,-15.87509822845459,-3.730922222137451,3.5614376068115234,-7.208431720733643,-2.7694954872131348,-9.552404403686523,11.744701385498047,-4.831465721130371,95,Amiri and Shobi - 2017 - A Link Prediction Strategy for Personalized Tweet .txt,-4.057329,3.3218133
96,-4.719778537750244,-8.057257652282715,-12.592828750610352,13.352416038513184,12.823184967041016,7.705495357513428,13.679539680480957,-14.369698524475098,4.464087009429932,6.210272789001465,-19.16789436340332,3.4822773933410645,-19.568939208984375,-3.2870280742645264,0.9763298630714417,-9.169224739074707,-0.7413456439971924,-8.413185119628906,12.138197898864746,-1.083641767501831,96,Eibl - 2002 - DEViD A Media Design and Software Ergonomics Inte.txt,-4.0965314,3.8640141
97,-12.118054389953613,-16.196361541748047,-16.270862579345703,19.543195724487305,18.189197540283203,0.8273515701293945,14.51844310760498,-12.362239837646484,11.351734161376953,11.766715049743652,-20.181283950805664,0.1656142920255661,-28.43019676208496,-0.8018125295639038,3.594464063644409,-10.033939361572266,3.491636037826538,-7.648891925811768,17.743453979492188,-3.402357816696167,97,Thomas et al. - 2000 - Human—Computer Interaction with Global Information.txt,-5.2569203,2.9641743
98,-9.01705551147461,-9.239704132080078,-12.269426345825195,13.904854774475098,10.457839965820312,2.5032613277435303,14.736238479614258,-12.05732250213623,4.700109958648682,5.7735748291015625,-16.466970443725586,1.7938798666000366,-20.41614532470703,-2.7758188247680664,1.4547168016433716,-4.528448581695557,2.545461893081665,-2.6133179664611816,13.116010665893555,-0.5304662585258484,98,Herman et al. - 2000 - Graph visualization and navigation in information .txt,-4.4504504,4.144964
99,-9.565908432006836,-12.396669387817383,-15.93764591217041,17.036731719970703,13.231749534606934,8.151915550231934,10.817869186401367,-15.744648933410645,9.819244384765625,5.763530254364014,-21.895320892333984,3.7906436920166016,-23.566890716552734,-3.884547233581543,-4.933354377746582,-8.007389068603516,-0.027443500235676765,-2.310903787612915,15.36579704284668,-2.379636287689209,99,Dubin - 1996 - Structure in Document Browsing Spaces.txt,-4.855547,3.7852662
100,-10.621515274047852,-13.723438262939453,-14.082693099975586,13.33377456665039,7.094101428985596,0.3200526833534241,9.932480812072754,-13.701991081237793,14.121320724487305,6.281457424163818,-15.790782928466797,4.308834075927734,-20.18744659423828,0.560917317867279,5.185492038726807,-10.337060928344727,-0.11734357476234436,-7.73285436630249,9.72278118133545,-2.4062328338623047,100,Lu et al. - 2019 - MLPV Text Representation of Scientific Papers Bas.txt,-4.9206157,4.1670294
101,-10.033214569091797,-14.157310485839844,-21.667282104492188,9.329337120056152,4.7299957275390625,6.2529778480529785,9.665632247924805,-8.094578742980957,5.164456844329834,10.875397682189941,-21.42620086669922,-0.9500705599784851,-22.926891326904297,-2.588094472885132,7.599462509155273,-2.13277268409729,1.2440674304962158,-5.164279460906982,17.59939193725586,-4.614108085632324,101,West et al. - 2009 - Sensate abstraction hybrid strategies for multi-d.txt,-5.7887964,3.9272635
102,-9.39096450805664,-13.505071640014648,-21.766408920288086,8.225714683532715,4.491408348083496,5.469350337982178,10.705981254577637,-6.967865467071533,3.761840581893921,10.915862083435059,-22.549354553222656,-3.244049549102783,-22.745588302612305,-4.264021873474121,5.152562618255615,-0.5207144618034363,0.18801648914813995,-5.337009906768799,19.95224380493164,-6.778996467590332,102,West et al. - 2009 - Sensate abstraction hybrid strategies for multi-d.txt,-6.071042,3.9719641
103,-4.664751052856445,-7.584329605102539,-10.690627098083496,7.135514736175537,8.412741661071777,5.288860321044922,7.4937424659729,-10.336915016174316,4.812832832336426,4.623584747314453,-12.89089584350586,-0.413066029548645,-15.484223365783691,-3.515744924545288,-1.2285248041152954,1.14609694480896,0.028953567147254944,0.3117249310016632,9.678526878356934,-2.279327154159546,103,Assa et al. - 1997 - Displaying data in multidimensional relevance spac.txt,-4.456398,5.2084055
104,-9.576663970947266,-14.789554595947266,-15.095949172973633,11.614385604858398,8.248225212097168,-1.5201948881149292,10.826346397399902,-8.936848640441895,12.279244422912598,10.002663612365723,-19.26511001586914,0.7746166586875916,-22.936763763427734,-5.3437347412109375,4.11468505859375,-4.3556718826293945,-1.5994672775268555,-4.703150272369385,14.022327423095703,-7.409981727600098,104,Chan et al. - 2018 - t-SNE-CUDA GPU-Accelerated t-SNE and its Applicat.txt,-5.557281,4.688419
105,-11.85574722290039,-13.42226505279541,-11.501150131225586,10.541810989379883,9.842862129211426,1.901944637298584,8.804165840148926,-13.044330596923828,16.412643432617188,6.794079780578613,-19.966230392456055,4.832765579223633,-23.577430725097656,-4.389249324798584,2.705329418182373,-4.667907238006592,-1.839301347732544,-1.7913670539855957,5.346479415893555,-7.851268768310547,105,Cai et al. - 2005 - Document clustering using locality preserving inde.txt,-5.4147058,4.872683
106,-2.3580679893493652,-9.159835815429688,-13.430270195007324,9.756338119506836,8.768166542053223,5.657525539398193,9.358067512512207,-10.808353424072266,5.924095153808594,4.568828105926514,-14.875825881958008,-1.6819995641708374,-13.773040771484375,-1.905503273010254,0.37060630321502686,-5.818946361541748,-3.583043098449707,-3.184861660003662,10.518202781677246,-1.7584489583969116,106,Swanson - 2007 - Second Life A Science Library Presence in Virtual.txt,-4.8400097,5.5443945
107,-9.78879451751709,-16.75701904296875,-16.54677391052246,16.22107696533203,7.771902084350586,4.847296714782715,12.361343383789062,-13.403343200683594,12.173805236816406,5.379187107086182,-17.604053497314453,4.165372371673584,-22.268150329589844,-6.022965908050537,5.003035545349121,-2.9935505390167236,-0.3902435004711151,-4.427350997924805,10.288603782653809,-2.926754951477051,107,Andrews and Fox - 2007 - Recent Developments in Document Clustering.txt,-5.9249973,5.102932
108,-12.439107894897461,-15.932360649108887,-18.65428924560547,14.320344924926758,9.618171691894531,2.4709270000457764,10.899087905883789,-14.975449562072754,15.994097709655762,11.05746841430664,-18.862247467041016,4.555842876434326,-25.204591751098633,1.5737382173538208,1.940910816192627,-4.879425048828125,-1.254608392715454,-6.227243900299072,15.198407173156738,-2.00901198387146,108,Shah and Luo - 2018 - Biomedical Document Clustering and Visualization b.txt,-6.325553,5.0444913
109,-2.040813446044922,-10.849698066711426,-16.210512161254883,6.470277786254883,13.365821838378906,5.2373366355896,11.527908325195312,-12.369266510009766,10.659279823303223,10.622354507446289,-17.382160186767578,-5.40643310546875,-17.842620849609375,-8.14691162109375,1.233957052230835,-5.088373184204102,-3.7190215587615967,-2.8307278156280518,12.834420204162598,-5.865083694458008,109,Park et al. - 2000 - Lessons learned from employing multiple perspectiv.txt,-5.169194,6.0395517
110,-7.219722270965576,-9.373241424560547,-15.516768455505371,10.485330581665039,9.011496543884277,11.018169403076172,10.195634841918945,-10.706155776977539,3.959881067276001,7.607810974121094,-16.28647232055664,-1.7445833683013916,-16.046607971191406,-3.4309065341949463,3.691478967666626,-12.660440444946289,-2.2443761825561523,-9.471999168395996,14.113547325134277,-3.867506980895996,110,Merchant et al. - 2014 - Effectiveness of virtual reality-based instruction.txt,-5.665229,5.876422
111,-10.290499687194824,-17.150056838989258,-19.84893035888672,10.130297660827637,7.861459732055664,13.751688003540039,12.495872497558594,-12.901118278503418,2.5604465007781982,8.35769271850586,-19.468584060668945,6.3637375831604,-16.682392120361328,-8.965375900268555,6.0753960609436035,-11.752521514892578,0.8034934401512146,-8.586297988891602,22.287540435791016,0.32337287068367004,111,Aleven and Koedinger - 2002 - An effective metacognitive strategy learning by d.txt,-7.1955767,5.3360286
112,-11.011164665222168,-13.084497451782227,-14.398167610168457,9.833365440368652,9.696574211120605,-0.5827555060386658,11.77577018737793,-6.813436508178711,10.162410736083984,8.702428817749023,-20.85601806640625,3.014479398727417,-21.985321044921875,-4.416289329528809,3.5740718841552734,-2.87785267829895,-0.2835245132446289,-3.84479022026062,12.713861465454102,-6.130341053009033,112,Maaten and Hinton - 2008 - Visualizing Data using t-SNE.txt,-6.172731,5.8651433
113,-7.776774883270264,-10.4468412399292,-12.459659576416016,14.67651081085205,6.5959978103637695,4.275714874267578,9.78610610961914,-11.503571510314941,5.494643211364746,3.072402238845825,-20.185070037841797,3.4584507942199707,-23.954544067382812,-0.29333800077438354,1.1099122762680054,-4.639665603637695,-0.9150868058204651,-3.825770378112793,12.221205711364746,0.2109522819519043,113,10.1002@aris.1440370106.txt,-5.879185,6.3934174
114,-11.713313102722168,-15.445723533630371,-16.85581398010254,16.617549896240234,12.228621482849121,4.273268699645996,12.44742488861084,-10.514202117919922,12.16081428527832,8.372272491455078,-21.39856719970703,2.926039934158325,-21.80872917175293,-3.6527159214019775,2.9265778064727783,-7.309727191925049,1.273212194442749,-6.518538475036621,14.057587623596191,-4.643378734588623,114,Ando et al. - 2000 - Multi-document summarization by visualizing topica.txt,-6.6659913,6.0577016
115,-14.262673377990723,-20.637699127197266,-19.620044708251953,16.579059600830078,9.172074317932129,3.3832216262817383,10.409805297851562,-17.421558380126953,15.099464416503906,11.953720092773438,-18.739791870117188,7.451735496520996,-24.16632843017578,-1.9867260456085205,4.731081008911133,-8.207728385925293,0.5131338834762573,-6.134341716766357,15.462567329406738,-5.8058600425720215,115,Wang et al. - 2008 - Using Wikipedia for Co-clustering Based Cross-Doma.txt,-7.070512,6.038723
116,-10.637216567993164,-12.646681785583496,-18.539777755737305,12.470000267028809,9.554586410522461,6.190646171569824,11.007270812988281,-12.065267562866211,12.663771629333496,8.588194847106934,-19.007192611694336,0.45378419756889343,-22.586149215698242,-0.5652541518211365,2.615568161010742,-6.221354007720947,-0.48352107405662537,-5.346951484680176,14.265451431274414,-4.990626811981201,116,Rüger - 2006 - Putting the User in the Loop Visual Resource Disc.txt,-6.5955377,6.474629
117,-6.607328414916992,-12.651945114135742,-13.870393753051758,12.141388893127441,13.48624324798584,6.848743438720703,13.467280387878418,-15.229034423828125,10.479203224182129,8.285993576049805,-23.30550193786621,1.9949378967285156,-23.016342163085938,-4.940117359161377,0.956134557723999,-5.56421422958374,-2.170131206512451,-0.9584090709686279,15.422006607055664,-6.00616455078125,117,Leouski and Allan - 1998 - Evaluating a Visual Navigation System for a Digita.txt,-6.283743,6.8676615
118,-10.303535461425781,-15.468335151672363,-19.330930709838867,7.752776145935059,7.975221633911133,13.964159965515137,11.908065795898438,-10.567456245422363,0.6783080101013184,9.48755168914795,-18.0460262298584,5.686147689819336,-17.005176544189453,-7.750529766082764,5.425152778625488,-12.81651782989502,0.20098450779914856,-7.512274742126465,20.61905860900879,0.3598182797431946,118,00000078.txt,-7.719087,6.0707054
119,-9.576223373413086,-14.769951820373535,-17.732412338256836,18.390857696533203,16.260284423828125,5.253630638122559,15.91187858581543,-14.38105297088623,11.535144805908203,4.920992851257324,-27.283546447753906,2.653455972671509,-29.472652435302734,-1.201762080192566,-2.0813138484954834,-12.561640739440918,-0.9828599095344543,-2.999797821044922,18.667072296142578,-4.962264537811279,119,Chen - 1999 - Visualising semantic spaces and author co-citation.txt,-7.306969,6.8438754
120,-10.507699966430664,-15.792258262634277,-13.752265930175781,10.21060848236084,5.879171371459961,2.434783935546875,10.629267692565918,-9.361734390258789,11.35721492767334,8.850440979003906,-21.041736602783203,-0.8331778645515442,-24.802227020263672,-0.22158418595790863,7.850314617156982,-4.969030857086182,1.9669761657714844,-6.408571243286133,12.360113143920898,-7.187859058380127,120,Fooladgar and Duwig - 2018 - A new post-processing technique for analyzing high.txt,-6.7220473,7.0275455
121,-2.3916025161743164,-7.653350830078125,-11.974564552307129,9.150530815124512,10.718313217163086,0.6732516288757324,11.536636352539062,-9.108660697937012,7.540882110595703,8.059321403503418,-16.82731819152832,-2.5194568634033203,-17.349348068237305,-0.5634990930557251,4.072535037994385,-4.357069492340088,-1.9312697649002075,-2.739353895187378,9.42049503326416,-6.1779985427856445,121,Ladner et al. - 2000 - 3D mapping of an interactive synthetic environment.txt,-7.5040903,7.4602346
122,-12.707204818725586,-19.076274871826172,-19.566890716552734,18.914194107055664,16.02147674560547,6.2929606437683105,17.072526931762695,-14.939336776733398,9.245561599731445,8.479043960571289,-26.143295288085938,3.7507224082946777,-27.456958770751953,-3.1152431964874268,6.453672409057617,-8.015873908996582,1.429252028465271,-4.264535903930664,18.77783203125,-4.310314655303955,122,Bostock et al. - 2011 - D³ Data-Driven Documents.txt,-6.114965,7.6685815
123,-6.844748497009277,-11.667035102844238,-13.000509262084961,17.786415100097656,12.355731010437012,6.509031772613525,12.244443893432617,-14.32874584197998,11.556896209716797,8.0302095413208,-20.21256446838379,1.5603322982788086,-24.067596435546875,-1.6243690252304077,2.8551242351531982,-10.104616165161133,-2.372006893157959,-3.7702746391296387,10.563502311706543,-4.546257495880127,123,Ando et al. - 2005 - Visualization-enabled multi-document summarization.txt,-7.1290407,7.418258
124,-12.27561092376709,-15.493894577026367,-14.568670272827148,18.654495239257812,9.105302810668945,5.006480693817139,12.726431846618652,-14.141375541687012,7.636078357696533,7.353630542755127,-29.429264068603516,2.232206106185913,-27.8948917388916,0.22280491888523102,2.362924814224243,-6.717033863067627,-0.564841091632843,-2.5343923568725586,15.86920166015625,-2.797942876815796,124,Small - 1999 - Visualizing Science by Citation Mapping.txt,-6.5127363,7.783408
125,-7.644041061401367,-13.963703155517578,-14.853201866149902,14.480624198913574,7.16126823425293,1.065285563468933,8.673273086547852,-14.981980323791504,10.505776405334473,10.34376049041748,-19.259918212890625,0.3715258538722992,-23.706867218017578,0.4443001449108124,5.170556545257568,-4.481963157653809,-1.9419833421707153,-4.798074722290039,11.20174789428711,-1.4665496349334717,125,Holloway et al. - 2007 - Analyzing and visualizing the semantic coverage of.txt,-7.0215826,7.8122444
126,-7.260241508483887,-11.732258796691895,-7.60399055480957,13.742992401123047,2.4098706245422363,-0.9530540108680725,8.75898551940918,-9.84670639038086,6.549253463745117,-0.555333137512207,-20.08828353881836,-1.1599534749984741,-23.143239974975586,0.874038815498352,3.062591314315796,-10.651670455932617,-1.3780421018600464,-4.740867614746094,7.194575309753418,3.1332638263702393,126,Price - 1965 - Networks of Scientific Papers.txt,-8.204629,7.6481857
127,-6.341646671295166,-15.7203369140625,-14.450754165649414,0.7811201810836792,9.825892448425293,-2.54752254486084,11.572074890136719,-10.38736343383789,10.181867599487305,10.2225341796875,-12.246381759643555,1.2852050065994263,-14.33676815032959,-11.019102096557617,1.0558429956436157,-2.2888808250427246,3.8281471729278564,-3.1139557361602783,13.68878173828125,-0.6344245672225952,127,Liu and Theodoropoulos - 2009 - An approach for parallel interest matching in dist.txt,-8.81437,7.906871
129,-6.940567970275879,-9.2222318649292,-16.611190795898438,7.279280662536621,8.847765922546387,2.9958977699279785,11.575400352478027,-8.884814262390137,6.876072406768799,11.755841255187988,-17.84543800354004,-2.726884603500366,-18.099382400512695,-3.9173238277435303,4.430933475494385,-4.460722923278809,-1.3515093326568604,-4.276419162750244,12.865379333496094,-5.854350566864014,129,Chen et al. - 2009 - Visual analysis of dimensionality reduction for ex.txt,-7.192983,8.493107
130,-3.7402701377868652,-9.443376541137695,-11.77200984954834,7.910449504852295,9.275165557861328,5.7268571853637695,8.890937805175781,-13.18259334564209,7.620899677276611,4.586228847503662,-12.807417869567871,2.031329393386841,-13.338359832763672,-2.993716239929199,0.1736379712820053,-7.562263011932373,0.06790591031312943,-3.294053077697754,9.861899375915527,-2.8608365058898926,130,Van Berendonck and Jacobs - 2003 - Bubbleworld A New Visual Information Retrieval Te.txt,-8.4995365,8.407976
131,-6.132612228393555,-11.520286560058594,-11.284317016601562,11.994918823242188,12.1368989944458,5.059945106506348,9.837677955627441,-13.578656196594238,9.338668823242188,6.358220100402832,-17.96527671813965,-1.1261084079742432,-19.486980438232422,-1.4354833364486694,0.41216230392456055,-6.883420467376709,-1.9897247552871704,-1.3901872634887695,11.007452964782715,-3.9945385456085205,131,Krohn - 1996 - VINETA navigation through virtual information spa.txt,-7.470691,8.363659
132,-6.1954121589660645,-11.312165260314941,-14.628656387329102,13.629246711730957,11.465914726257324,4.685924530029297,11.304738998413086,-11.141180038452148,9.601384162902832,6.132160186767578,-19.247669219970703,2.5099360942840576,-20.897613525390625,-1.9001829624176025,1.5020406246185303,-5.7518391609191895,-1.3222713470458984,-3.111980676651001,11.604220390319824,-1.7550337314605713,132,Hemmje et al. - 1994 - LyberWorld — A Visualization User Interface Suppor.txt,-7.8580947,8.210172
133,-6.241611003875732,-13.178068161010742,-14.292115211486816,14.275206565856934,7.141582012176514,5.393170356750488,11.018163681030273,-13.257580757141113,8.672167778015137,5.691946506500244,-15.397799491882324,2.3956990242004395,-20.120033264160156,-0.5146766901016235,4.423548221588135,-5.726770401000977,1.671865701675415,-4.732928276062012,10.697715759277344,-4.08841609954834,133,Carpineto et al. - 2009 - A survey of Web clustering engines.txt,-7.8407593,8.425107
134,-13.109941482543945,-15.946401596069336,-20.84398078918457,15.193275451660156,9.463044166564941,-0.4424564838409424,13.1907377243042,-10.26142406463623,13.76393985748291,10.96180534362793,-27.170482635498047,-0.943164587020874,-30.028778076171875,-2.832956552505493,4.632781982421875,-11.752801895141602,-0.7550374269485474,-8.10622787475586,18.455768585205078,-6.563449859619141,134,"Moser et al. - 2015 - Place cells, grid cells, and memory.txt",-6.4079514,8.784911
135,-9.851822853088379,-10.414295196533203,-9.788309097290039,15.610798835754395,6.970678806304932,7.997841835021973,14.172109603881836,-14.67762565612793,6.17912483215332,8.80048656463623,-19.248703002929688,0.7283938527107239,-24.267719268798828,-1.4224085807800293,5.027597904205322,-4.35603141784668,1.5917664766311646,-5.181284427642822,10.137893676757812,-2.2339658737182617,135,Steinley - 2006 - K-means clustering A half-century synthesis.txt,-7.0914445,8.984237
136,-7.769165992736816,-9.391804695129395,-10.215059280395508,7.611054420471191,10.685050010681152,3.6712565422058105,12.103960990905762,-8.650402069091797,7.228289604187012,11.066471099853516,-16.885738372802734,-9.016127586364746,-19.770654678344727,-6.747448444366455,2.15024471282959,-9.25653076171875,-0.04084262251853943,-7.637414932250977,12.818326950073242,-3.8382556438446045,136,kelly2017.txt,-7.6756506,9.17589
137,-6.998372554779053,-14.81013011932373,-13.34290885925293,13.767637252807617,5.227931976318359,2.5688259601593018,3.5452721118927,-13.734325408935547,11.089351654052734,5.280369281768799,-11.323612213134766,3.0854332447052,-12.559318542480469,-1.466529369354248,1.2719343900680542,-8.993610382080078,0.05768422782421112,-6.342231273651123,8.780012130737305,0.03573509678244591,137,Tanabe et al. - 2018 - An Approach to Estimating Cited Sentences in Acade.txt,-8.672235,8.970324
138,-7.746791839599609,-9.950715065002441,-9.49707317352295,8.016666412353516,11.102872848510742,4.4031572341918945,12.768901824951172,-8.039697647094727,8.875117301940918,11.669687271118164,-18.99706268310547,-11.127482414245605,-20.68459129333496,-6.230967998504639,3.4703729152679443,-9.126416206359863,0.5775286555290222,-8.562494277954102,12.911507606506348,-3.844782590866089,138,Kelly et al. - 2017 - Perceived Space in the HTC Vive.txt,-7.2492776,9.460143
139,-5.479699611663818,-6.701317310333252,-11.10831069946289,15.305502891540527,9.608129501342773,4.3376946449279785,10.761712074279785,-11.905406951904297,10.076906204223633,8.979941368103027,-15.863853454589844,-1.3374892473220825,-18.333145141601562,-1.0921175479888916,1.8281865119934082,-6.846168041229248,-1.5844743251800537,-3.178253412246704,10.390397071838379,-2.264620780944824,139,Omizo and Hart-Davidson - 2017 - Digging text viz an archaeological review of ACM .txt,-7.8528438,9.357055
140,-3.985624313354492,-8.23388671875,-10.364483833312988,9.74241828918457,9.085478782653809,-0.3947950303554535,10.982818603515625,-8.81533432006836,6.20736026763916,10.67241382598877,-14.997415542602539,-3.9705026149749756,-15.411211013793945,-0.8189833164215088,6.157453536987305,-1.3005856275558472,0.5927413105964661,-4.945127487182617,8.504411697387695,-5.269015312194824,140,Griffith et al. - 2006 - A Reprocessing Tool for Quantitative Data Analysis.txt,-8.270378,9.499155
